Country Name,Country Code,Indicator Name,Indicator Code,1960,1961,1962,1963,1964,1965,1966,1967,1968,1969,1970,1971,1972,1973,1974,1975,1976,1977,1978,1979,1980,1981,1982,1983,1984,1985,1986,1987,1988,1989,1990,1991,1992,1993,1994,1995,1996,1997,1998,1999,2000,2001,2002,2003,2004,2005,2006,2007,2008,2009,2010,2011,2012,2013,2014,2015,2016,2017,2018,2019,2020
United States,USA,Teenage mothers (% of women ages 15-19 who have had children or are currently pregnant),SP.MTR.1519.ZS,,,,,,,,,,,,,,,,,,,,,,,,,,,,,,,,,,,,,,,,,,,,,,,,,,,,,,,,,,,,,
United States,USA,Women who were first married by age 18 (% of women ages 20-24),SP.M18.2024.FE.ZS,,,,,,,,,,,,,,,,,,,,,,,,,,,,,,,,,,,,,,,,,,,,,,,,,,,,,,,,,,,,,
United States,USA,Women who were first married by age 15 (% of women ages 20-24),SP.M15.2024.FE.ZS,,,,,,,,,,,,,,,,,,,,,,,,,,,,,,,,,,,,,,,,,,,,,,,,,,,,,,,,,,,,,
United States,USA,Female headed households (% of households with a female head),SP.HOU.FEMA.ZS,,,,,,,,,,,,,,,,,,,,,,,,,,,,,,,,,,,,,,,,,,,,,,,,,,,,,,,,,,,,,
United States,USA,Wanted fertility rate (births per woman),SP.DYN.WFRT,,,,,,,,,,,,,,,,,,,,,,,,,,,,,,,,,,,,,,,,,,,,,,,,,,,,,,,,,,,,,
United States,USA,"Survival to age 65, male (% of cohort)",SP.DYN.TO65.MA.ZS,63.960704,64.011012,64.06132,64.0056454,63.9499708,63.8942962,63.8386216,63.782947,64.1596456,64.5363442,64.9130428,65.2897414,65.66644,66.3960512,67.1256624,67.8552736,68.5848848,69.314496,69.8501876,70.3858792,70.9215708,71.4572624,71.992954,72.249233,72.505512,72.761791,73.01807,73.274349,73.5689928,73.8636366,74.1582804,74.4529242,74.747568,75.2586668,75.7697656,76.2808644,76.7919632,77.303062,77.5896178,77.8761736,78.1627294,78.4492852,78.735841,78.9608472,79.1858534,79.4108596,79.6358658,79.860872,80.0166002,80.1723284,80.3280566,80.4837848,80.639513,80.4498074,80.2601018,80.0703962,79.8806906,79.690985,79.8041226,79.9172602,
United States,USA,"Survival to age 65, female (% of cohort)",SP.DYN.TO65.FE.ZS,78.3115746,78.4661878,78.620801,78.7495798,78.8783586,79.0071374,79.1359162,79.264695,79.5330154,79.8013358,80.0696562,80.3379766,80.606297,81.044022,81.481747,81.919472,82.357197,82.794922,83.037859,83.280796,83.523733,83.76667,84.009607,84.1357556,84.2619042,84.3880528,84.5142014,84.64035,84.7970694,84.9537888,85.1105082,85.2672276,85.423947,85.5728894,85.7218318,85.8707742,86.0197166,86.168659,86.2855322,86.4024054,86.5192786,86.6361518,86.753025,86.9143444,87.0756638,87.2369832,87.3983026,87.559622,87.6482302,87.7368384,87.8254466,87.9140548,88.002663,87.8964036,87.7901442,87.6838848,87.5776254,87.471366,87.5426358,87.6139056,
United States,USA,"Fertility rate, total (births per woman)",SP.DYN.TFRT.IN,3.654,3.62,3.461,3.319,3.19,2.913,2.721,2.558,2.464,2.456,2.48,2.266,2.01,1.879,1.835,1.774,1.738,1.79,1.76,1.808,1.8395,1.812,1.8275,1.799,1.8065,1.844,1.8375,1.872,1.934,2.014,2.081,2.0625,2.046,2.0195,2.0015,1.978,1.976,1.971,1.999,2.0075,2.056,2.0305,2.0205,2.0475,2.0515,2.057,2.108,2.12,2.072,2.002,1.931,1.8945,1.8805,1.8575,1.8625,1.8435,1.8205,1.7655,1.7295,1.705,
United States,USA,"Life expectancy at birth, male (years)",SP.DYN.LE00.MA.IN,66.6,67.1,66.9,66.6,66.8,66.8,66.7,67,66,66.8,67.1,67.4,67.4,67.6,68.2,68.8,69.1,69.5,69.6,70,70,70.4,70.8,71,71.1,71.1,71.2,71.4,71.4,71.7,71.8,72,72.3,72.2,72.4,72.5,73.1,73.6,73.8,73.9,74.1,74.3,74.4,74.5,75,75,75.2,75.5,75.6,76,76.2,76.3,76.4,76.4,76.5,76.3,76.1,76.1,76.2,76.3,
United States,USA,"Life expectancy at birth, female (years)",SP.DYN.LE00.FE.IN,73.1,73.6,73.5,73.4,73.7,73.8,73.9,74.3,74.1,74.4,74.7,75,75.1,75.3,75.9,76.6,76.8,77.2,77.3,77.8,77.4,77.8,78.1,78.1,78.2,78.2,78.2,78.3,78.3,78.5,78.8,78.9,79.1,78.8,79,78.9,79.1,79.4,79.5,79.4,79.3,79.5,79.6,79.7,80.1,80.1,80.3,80.6,80.6,80.9,81,81.1,81.2,81.2,81.3,81.2,81.1,81.1,81.2,81.4,
United States,USA,"Contraceptive prevalence, any methods (% of women ages 15-49)",SP.DYN.CONU.ZS,,,,,,66.5,,,,,67.6,,,69.6,,79,67.7,,,,,,69.5,,,,,,74.3,,70.7,,,,,76.4,,,,,,,72.8,,,,,77.1,77.1,,76.4,,74.1,74.1,72.70028,72.70028,75.93718106,75.93718106,,73.9,
United States,USA,"Mortality rate, adult, male (per 1,000 male adults)",SP.DYN.AMRT.MA,233.293,226.703,229.823,233.559,232.277,233.011,236.639,234.856,240.987,239.492,236.992,232.152,232.026,228.488,219.819,212.742,206.648,202.603,199,195.119,194.955,190.25,183.148,179.711,177.94,178.088,177.915,176.195,176.244,174.804,172.059,170.606,168.459,170.257,169.025,166.964,158.008,149.441,145.506,144.774,143.926,144.307,144.378,143.909,140.559,141.969,141.119,138.605,136.811,134.966,131.884,132.138,131.355,131.269,131.889,134.324,138.526,139.245,137.542,,
United States,USA,"Mortality rate, adult, female (per 1,000 female adults)",SP.DYN.AMRT.FE,130.63,126.608,128.623,130.297,129.095,128.619,128.744,127.484,130.822,128.864,128.466,125.887,124.305,122.92,117.149,112.933,110.078,107.656,105.872,102.067,102.561,100.866,97.53,97.093,96.122,95.529,94.575,94.286,94.402,92.515,90.868,90.652,88.984,90.066,89.515,89.372,87.123,85.4,83.564,83.804,83.359,84.172,83.72,83.557,81.47,81.507,80.928,79.447,78.705,79.055,77.159,77.926,77.717,78.093,79.382,80.43,82.117,81.996,80.603,,
United States,USA,"Adolescent fertility rate (births per 1,000 women ages 15-19)",SP.ADO.TFRT,81.741,79.185,76.629,74.6802,72.7314,70.7826,68.8338,66.885,65.7818,64.6786,63.5754,62.4722,61.369,59.642,57.915,56.188,54.461,52.734,52.4856,52.2372,51.9888,51.7404,51.492,51.8474,52.2028,52.5582,52.9136,53.269,54.5174,55.7658,57.0142,58.2626,59.511,57.8868,56.2626,54.6384,53.0142,51.39,49.6484,47.9068,46.1652,44.4236,42.682,42.0618,41.4416,40.8214,40.2012,39.581,37.2522,34.9234,32.5946,30.2658,27.937,26.3216,24.7062,23.0908,21.4754,19.86,18.5562,17.2524,
United States,USA,"Unemployment, male (% of male labor force) (modeled ILO estimate)",SL.UEM.TOTL.MA.ZS,,,,,,,,,,,,,,,,,,,,,,,,,,,,,,,,7.15,7.9,7.17,6.17,5.63,5.44,4.94,4.42,4.12,3.9,4.8,5.93,6.27,5.64,5.07,4.62,4.73,6.1,10.28,10.51,9.37,8.22,7.63,6.26,5.37,4.94,4.4,3.95,3.72,
United States,USA,"Unemployment, female (% of female labor force) (modeled ILO estimate)",SL.UEM.TOTL.FE.ZS,,,,,,,,,,,,,,,,,,,,,,,,,,,,,,,,6.36,7,6.57,6.05,5.67,5.47,5.08,4.62,4.34,4.1,4.65,5.61,5.66,5.4,5.1,4.63,4.5,5.42,8.06,8.61,8.46,7.89,7.07,6.06,5.18,4.79,4.31,3.84,3.61,
United States,USA,"Unemployment, youth male (% of male labor force ages 15-24) (modeled ILO estimate)",SL.UEM.1524.MA.ZS,,,,,,,,,,,,,,,,,,,,,,,,,,,,,,,,14.18,15.23,14.2,13.06,12.4,12.53,11.74,10.9,10.18,9.57,11.28,12.7,13.23,12.52,12.21,11.05,11.37,14.14,19.89,20.62,18.62,17.86,16.9,14.4,12.63,11.31,10.19,9.4,9.28,
United States,USA,"Unemployment, youth female (% of female labor force ages 15-24) (modeled ILO estimate)",SL.UEM.1524.FE.ZS,,,,,,,,,,,,,,,,,,,,,,,,,,,,,,,,12.32,12.9,12.25,11.71,11.65,11.27,10.78,9.63,9.36,8.8,9.5,11,11.3,10.87,10.02,9.56,9.31,11.04,14.73,15.71,15.61,14.77,13.8,12.06,10.29,9.23,8,7.58,7.26,
United States,USA,"Labor force, female (% of total labor force)",SL.TLF.TOTL.FE.ZS,,,,,,,,,,,,,,,,,,,,,,,,,,,,,,,44.30813909,44.42729173,44.56868743,44.68533698,45.16038964,45.21160757,45.29836416,45.46939797,45.49133165,45.544382,45.5591294,45.61770006,45.67300861,45.81929539,45.75639805,45.7895841,45.76868896,45.82785184,45.97261272,46.17637454,46.18396637,46.11519429,45.94030501,45.912403,45.96452931,45.86526644,45.87084209,46.02558447,46.05997764,46.16362679,
United States,USA,"Part time employment, male (% of total male employment)",SL.TLF.PART.MA.ZS,,,,,,,,,,,,,,,,,,,,,,,,,,,,,,,,,,,21.87000084,21.18000031,21.21999931,20.37000084,21.67000008,19.76000023,18.64999962,19.82999992,19.56999969,19.90999985,19.90999985,19.51000023,19.45000076,19.12000084,20.29000092,24.39999962,22.53000069,22.15999985,21.42000008,20.70999908,20.80999947,21.29000092,20.18000031,20.32999992,19.32999992,18.92000008,22.51000023
United States,USA,"Part time employment, female (% of total female employment)",SL.TLF.PART.FE.ZS,,,,,,,,,,,,,,,,,,,,,,,,,,,,,,,,,,,38.81999969,38.27000046,38.15000153,36.95000076,38.5,35.79000092,34.34999847,35.36999893,35.06999969,35.31000137,35.56999969,34.90999985,34.50999832,34.20999908,34.18000031,37.86999893,35.95999908,35.79000092,34.97999954,34.09000015,34.65000153,35.02000046,33.43999863,33.59000015,32.09000015,31.37000084,34.18000031
United States,USA,"Labor force participation rate, male (% of male population ages 15+) (modeled ILO estimate)",SL.TLF.CACT.MA.ZS,,,,,,,,,,,,,,,,,,,,,,,,,,,,,,,75.29,74.67,74.76,74.42,74.24,74.27,74.29,74.37,74.27,74.2,74.2,73.66,73.16,72.47,72.22,72.16,72.28,71.99,71.77,70.74,69.9,69.33,69.56,68.96,68.52,68.41,68.55,68.48,68.46,68.59,
United States,USA,"Labor force participation rate, female (% of female population ages 15+) (modeled ILO estimate)",SL.TLF.CACT.FE.ZS,,,,,,,,,,,,,,,,,,,,,,,,,,,,,,,56.2,56.04,56.48,56.58,57.62,57.86,58.16,58.71,58.75,58.91,59.02,58.8,58.59,58.45,58.15,58.24,58.33,58.26,58.46,58.14,57.5,56.93,56.79,56.29,56.11,55.84,56,56.32,56.39,56.76,
United States,USA,"Children in employment, work only, male (% of male children in employment, ages 7-14)",SL.TLF.0714.WK.MA.ZS,,,,,,,,,,,,,,,,,,,,,,,,,,,,,,,,,,,,,,,,,,,,,,,,,,,,,,,,,,,,,
United States,USA,"Children in employment, work only, female (% of female children in employment, ages 7-14)",SL.TLF.0714.WK.FE.ZS,,,,,,,,,,,,,,,,,,,,,,,,,,,,,,,,,,,,,,,,,,,,,,,,,,,,,,,,,,,,,
United States,USA,"Children in employment, study and work, male (% of male children in employment, ages 7-14)",SL.TLF.0714.SW.MA.ZS,,,,,,,,,,,,,,,,,,,,,,,,,,,,,,,,,,,,,,,,,,,,,,,,,,,,,,,,,,,,,
United States,USA,"Children in employment, study and work, female (% of female children in employment, ages 7-14)",SL.TLF.0714.SW.FE.ZS,,,,,,,,,,,,,,,,,,,,,,,,,,,,,,,,,,,,,,,,,,,,,,,,,,,,,,,,,,,,,
United States,USA,"Children in employment, male (% of male children ages 7-14)",SL.TLF.0714.MA.ZS,,,,,,,,,,,,,,,,,,,,,,,,,,,,,,,,,,,,,,,,,,,,,,,,,,,,,,,,,,,,,
United States,USA,"Children in employment, female (% of female children ages 7-14)",SL.TLF.0714.FE.ZS,,,,,,,,,,,,,,,,,,,,,,,,,,,,,,,,,,,,,,,,,,,,,,,,,,,,,,,,,,,,,
United States,USA,"Employment in services, male (% of male employment) (modeled ILO estimate)",SL.SRV.EMPL.MA.ZS,,,,,,,,,,,,,,,,,,,,,,,,,,,,,,,,62.18000031,62.27000046,62.38999939,62.36000061,62.52999878,62.68999863,62.83000183,63.04000092,63.25,63.5,64.19999695,65.16999817,65.5,65.47000122,65.62999725,65.33999634,65.79000092,66.47000122,68.08000183,68.54000092,68.76000214,68.98000336,68.66999817,68.62999725,68.76000214,68.81999969,68.87000275,68.75,68.80999756,
United States,USA,"Employment in services, female (% of female employment) (modeled ILO estimate)",SL.SRV.EMPL.FE.ZS,,,,,,,,,,,,,,,,,,,,,,,,,,,,,,,,84.44000244,84.56999969,84.72000122,84.79000092,84.98999786,85.22000122,85.45999908,85.76000214,86.08000183,86.44000244,87.27999878,88.19000244,88.43000031,88.76999664,89,89.20999908,89.27999878,89.72000122,90.66000366,90.80000305,90.51000214,90.48999786,90.51000214,90.44000244,90.41000366,90.52999878,90.54000092,90.47000122,90.37000275,
United States,USA,"Child employment in services, male (% of male economically active children ages 7-14)",SL.SRV.0714.MA.ZS,,,,,,,,,,,,,,,,,,,,,,,,,,,,,,,,,,,,,,,,,,,,,,,,,,,,,,,,,,,,,
United States,USA,"Child employment in services, female (% of female economically active children ages 7-14)",SL.SRV.0714.FE.ZS,,,,,,,,,,,,,,,,,,,,,,,,,,,,,,,,,,,,,,,,,,,,,,,,,,,,,,,,,,,,,
United States,USA,"Child employment in manufacturing, male (% of male economically active children ages 7-14)",SL.MNF.0714.MA.ZS,,,,,,,,,,,,,,,,,,,,,,,,,,,,,,,,,,,,,,,,,,,,,,,,,,,,,,,,,,,,,
United States,USA,"Child employment in manufacturing, female (% of female economically active children ages 7-14)",SL.MNF.0714.FE.ZS,,,,,,,,,,,,,,,,,,,,,,,,,,,,,,,,,,,,,,,,,,,,,,,,,,,,,,,,,,,,,
United States,USA,"Employment in industry, male (% of male employment) (modeled ILO estimate)",SL.IND.EMPL.MA.ZS,,,,,,,,,,,,,,,,,,,,,,,,,,,,,,,,35.18000031,35.11000061,35.02000046,35.08000183,34.95000076,34.83000183,34.74000168,34.58000183,34.41999817,34.22999954,33.68999863,32.70000076,32.40999985,32.47999954,32.40999985,32.72000122,32.38000107,31.62999916,29.97999954,29.44000053,29.20999908,29.12000084,29.45999908,29.45999908,29.22999954,29.19000053,29.12999916,29.36000061,29.32999992,
United States,USA,"Employment in industry, female (% of female employment) (modeled ILO estimate)",SL.IND.EMPL.FE.ZS,,,,,,,,,,,,,,,,,,,,,,,,,,,,,,,,14.52000046,14.39999962,14.26000023,14.19999981,14.02000046,13.81000042,13.60000038,13.31999969,13.02000046,12.71000004,11.89000034,10.96000004,10.76000023,10.44999981,10.25,10.05000019,10.06000042,9.600000381,8.659999847,8.460000038,8.720000267,8.75,8.819999695,8.859999657,8.829999924,8.710000038,8.710000038,8.779999733,8.869999886,
United States,USA,"Contributing family workers, male (% of male employment) (modeled ILO estimate)",SL.FAM.WORK.MA.ZS,,,,,,,,,,,,,,,,,,,,,,,,,,,,,,,,0.129999995,0.129999995,0.140000001,0.090000004,0.07,0.100000001,0.090000004,0.07,0.059999999,0.07,0.059999999,0.059999999,0.059999999,0.059999999,0.059999999,0.039999999,0.050000001,0.059999999,0.050000001,0.07,0.050000001,0.07,0.059999999,0.039999999,0.050000001,0.039999999,0.039999999,0.050000001,0.039999999,
United States,USA,"Contributing family workers, female (% of female employment) (modeled ILO estimate)",SL.FAM.WORK.FE.ZS,,,,,,,,,,,,,,,,,,,,,,,,,,,,,,,,0.5,0.49000001,0.430000007,0.209999993,0.189999998,0.200000003,0.189999998,0.150000006,0.150000006,0.140000001,0.140000001,0.119999997,0.129999995,0.119999997,0.119999997,0.109999999,0.129999995,0.109999999,0.079999998,0.100000001,0.100000001,0.090000004,0.079999998,0.079999998,0.090000004,0.079999998,0.07,0.079999998,0.07,
United States,USA,"Wage and salaried workers, male (% of male employment) (modeled ILO estimate)",SL.EMP.WORK.MA.ZS,,,,,,,,,,,,,,,,,,,,,,,,,,,,,,,,89.19000244,89.38999939,89.16999817,89.76999664,90.12000275,90.26000214,90.45999908,90.77999878,91.11000061,91.36000061,91.44999695,91.51999664,91.19999695,91.16000366,91.23000336,91.37000275,91.59999847,91.73000336,91.62999725,91.66999817,92.04000092,92.25,92.52999878,92.62999725,92.55000305,92.56999969,92.91999817,92.76999664,93.04000092,
United States,USA,"Wage and salaried workers, female (% of female employment) (modeled ILO estimate)",SL.EMP.WORK.FE.ZS,,,,,,,,,,,,,,,,,,,,,,,,,,,,,,,,93.20999908,93.66000366,93.66000366,92.93000031,93.05000305,93.12999725,93.23999786,93.58999634,93.81999969,93.73000336,93.80000305,93.97000122,93.88999939,93.93000031,94.08000183,94.05000305,94.16999817,94.44000244,94.36000061,94.41999817,94.5,94.41000366,94.43000031,94.63999939,94.73999786,94.83999634,94.72000122,94.83000183,94.91999817,
United States,USA,"Vulnerable employment, male (% of male employment) (modeled ILO estimate)",SL.EMP.VULN.MA.ZS,,,,,,,,,,,,,,,,,,,,,,,,,,,,,,,,6.119999766,6.019999862,6.159999982,5.76000008,5.559999771,5.509999849,5.399999946,5.220000096,5.040000018,4.899999924,4.849999961,4.82999998,5.04999977,5.090000208,5.070000228,4.989999808,4.879999924,4.840000208,4.910000134,4.930000134,4.729999829,4.629999943,4.480000075,4.420000114,4.490000058,4.489999808,4.289999999,4.399999905,4.250000037,
United States,USA,"Vulnerable employment, female (% of female employment) (modeled ILO estimate)",SL.EMP.VULN.FE.ZS,,,,,,,,,,,,,,,,,,,,,,,,,,,,,,,,4.639999866,4.339999914,4.330000103,4.699999765,4.619999826,4.569999889,4.490000188,4.249999911,4.100000054,4.150000229,4.110000029,4.000000112,4.060000062,4.050000064,3.949999921,3.969999894,3.899999976,3.729999885,3.800000027,3.780000068,3.730000116,3.800000042,3.780000046,3.659999922,3.599999994,3.540000036,3.609999962,3.540000036,3.470000096,
United States,USA,"Employment to population ratio, 15+, male (%) (modeled ILO estimate)",SL.EMP.TOTL.SP.MA.ZS,,,,,,,,,,,,,,,,,,,,,,,,,,,,,,,,69.33,68.85,69.09,69.65,70.09,70.26,70.7,70.98,71.15,71.3,70.13,68.82,67.93,68.15,68.5,68.95,68.59,67.39,63.47,62.56,62.83,63.85,63.7,64.23,64.74,65.16,65.47,65.76,66.04,
United States,USA,"Employment to population ratio, 15+, female (%) (modeled ILO estimate)",SL.EMP.TOTL.SP.FE.ZS,,,,,,,,,,,,,,,,,,,,,,,,,,,,,,,,52.48,52.52,52.86,54.13,54.58,54.98,55.73,56.03,56.36,56.6,56.07,55.3,55.14,55.01,55.27,55.63,55.63,55.29,53.46,52.55,52.11,52.31,52.31,52.71,52.95,53.32,53.9,54.22,54.71,
United States,USA,"Self-employed, male (% of male employment) (modeled ILO estimate)",SL.EMP.SELF.MA.ZS,,,,,,,,,,,,,,,,,,,,,,,,,,,,,,,,10.81000042,10.60999966,10.82999992,10.22999954,9.880000114,9.75,9.539999962,9.229999542,8.890000343,8.640000343,8.56000042,8.479999542,8.800000191,8.840000153,8.770000458,8.630000114,8.399999619,8.270000458,8.369999886,8.329999924,7.960000038,7.75,7.46999979,7.369999886,7.449999809,7.429999828,7.079999924,7.230000019,6.960000038,
United States,USA,"Self-employed, female (% of female employment) (modeled ILO estimate)",SL.EMP.SELF.FE.ZS,,,,,,,,,,,,,,,,,,,,,,,,,,,,,,,,6.789999962,6.340000153,6.340000153,7.070000172,6.960000038,6.869999886,6.760000229,6.409999847,6.179999828,6.269999981,6.199999809,6.03000021,6.119999886,6.079999924,5.929999828,5.949999809,5.829999924,5.559999943,5.639999866,5.579999924,5.5,5.590000153,5.570000172,5.360000134,5.260000229,5.159999847,5.28000021,5.170000076,5.079999924,
United States,USA,"Employers, male (% of male employment) (modeled ILO estimate)",SL.EMP.MPYR.MA.ZS,,,,,,,,,,,,,,,,,,,,,,,,,,,,,,,,4.699999809,4.590000153,4.670000076,4.460000038,4.309999943,4.230000019,4.139999866,4,3.849999905,3.74000001,3.700000048,3.650000095,3.75999999,3.75,3.700000048,3.630000114,3.519999981,3.430000067,3.460000038,3.400000095,3.230000019,3.119999886,3,2.940000057,2.960000038,2.940000057,2.799999952,2.839999914,2.710000038,
United States,USA,"Employers, female (% of female employment) (modeled ILO estimate)",SL.EMP.MPYR.FE.ZS,,,,,,,,,,,,,,,,,,,,,,,,,,,,,,,,2.160000086,2,2.019999981,2.369999886,2.339999914,2.299999952,2.269999981,2.160000086,2.089999914,2.130000114,2.089999914,2.029999971,2.049999952,2.029999971,1.980000019,1.980000019,1.919999957,1.830000043,1.840000033,1.809999943,1.769999981,1.799999952,1.789999962,1.710000038,1.669999957,1.629999995,1.669999957,1.629999995,1.610000014,
United States,USA,"Employment to population ratio, ages 15-24, male (%) (modeled ILO estimate)",SL.EMP.1524.SP.MA.ZS,,,,,,,,,,,,,,,,,,,,,,,,,,,,,,,,57.35,56.51,57.02,58.21,58.77,57.69,57.8,58.32,58.45,58.92,56.12,53.5,51.59,51.57,51.32,52.58,50.87,48.74,43.48,41.51,42.3,43.78,43.61,44.85,45.81,46.95,47.8,47.48,48.13,
United States,USA,"Employment to population ratio, ages 15-24, female (%) (modeled ILO estimate)",SL.EMP.1524.SP.FE.ZS,,,,,,,,,,,,,,,,,,,,,,,,,,,,,,,,51.4,50.99,51.46,52.89,52.84,53.17,53.74,54.8,54.49,54.7,53.13,51.13,49.35,48.98,49.52,49.29,48.74,47.12,43.84,41.73,41.49,42.57,42.76,43.79,44.95,45.79,47.08,47.42,47.92,
United States,USA,"Employment in agriculture, male (% of male employment) (modeled ILO estimate)",SL.AGR.EMPL.MA.ZS,,,,,,,,,,,,,,,,,,,,,,,,,,,,,,,,2.640000105,2.619999886,2.589999914,2.559999943,2.519999981,2.480000019,2.430000067,2.380000114,2.329999924,2.269999981,2.109999895,2.130000114,2.089999914,2.049999952,1.960000038,1.940000057,1.830000043,1.899999976,1.940000057,2.019999981,2.029999971,1.909999967,1.870000005,1.899999976,2.019999981,1.99000001,2.00999999,1.889999986,1.870000005,
United States,USA,"Employment in agriculture, female (% of female employment) (modeled ILO estimate)",SL.AGR.EMPL.FE.ZS,,,,,,,,,,,,,,,,,,,,,,,,,,,,,,,,1.049999952,1.039999962,1.019999981,1.00999999,0.99000001,0.970000029,0.949999988,0.920000017,0.899999976,0.860000014,0.829999983,0.839999974,0.810000002,0.779999971,0.75,0.74000001,0.649999976,0.689999998,0.680000007,0.74000001,0.769999981,0.75999999,0.670000017,0.699999988,0.75999999,0.769999981,0.75,0.75999999,0.75999999,
United States,USA,"Child employment in agriculture, male (% of male economically active children ages 7-14)",SL.AGR.0714.MA.ZS,,,,,,,,,,,,,,,,,,,,,,,,,,,,,,,,,,,,,,,,,,,,,,,,,,,,,,,,,,,,,
United States,USA,"Child employment in agriculture, female (% of female economically active children ages 7-14)",SL.AGR.0714.FE.ZS,,,,,,,,,,,,,,,,,,,,,,,,,,,,,,,,,,,,,,,,,,,,,,,,,,,,,,,,,,,,,
United States,USA,"Maternal mortality ratio (national estimate, per 100,000 live births)",SH.STA.MMRT.NE,,,,,,,,,,,,,,,,,,,,,,,,,,8,7,7,8,8,9,8,8,8,8,7,7,8,,10,12,13,13,12,14,13,13,14,13,14,15,14,,,19,18,19,,,,
United States,USA,"Maternal mortality ratio (modeled estimate, per 100,000 live births)",SH.STA.MMRT,,,,,,,,,,,,,,,,,,,,,,,,,,,,,,,,,,,,,,,,,12,13,13,13,13,13,14,14,14,15,15,15,16,16,16,18,19,19,,,
United States,USA,"Prevalence of underweight, weight for age, male (% of children under 5)",SH.STA.MALN.MA.ZS,,,,,,,,,,,,,,,,,,,,,,,,,,,,,,,,0.5,,,,,,,,,1.3,,1.4,,1.5,,1,,0.9,,1.1,,0.5,,0.8,,1.6,,0.5,,
United States,USA,"Prevalence of underweight, weight for age, female (% of children under 5)",SH.STA.MALN.FE.ZS,,,,,,,,,,,,,,,,,,,,,,,,,,,,,,,,1.1,,,,,,,,,1,,0.3,,1,,0.4,,0.4,,0.8,,0.4,,0.7,,1.3,,0.3,,
United States,USA,Births attended by skilled health staff (% of total),SH.STA.BRTC.ZS,,,,,,,,,,,,,,,,,,,,,,,,,,,,,,99,99.2,99.2,99.3,99.4,99.4,99.4,99.4,99.4,99.4,99.4,99.4,99.4,99.5,99.3,99.3,99.4,99.4,99.3,99.3,99.3,99.4,99.3,99.3,99.2,98.5,99.1,99.1,99.1,99.1,,
United States,USA,Pregnant women receiving prenatal care (%),SH.STA.ANVC.ZS,,,,,,,,,,,,,,,,,,,,,,,,,,,,,,,,,,,,,,,,,,,,,,,,,,,,,,,,,,,,,
United States,USA,"Prevalence of current tobacco use, males (% of male adults)",SH.PRV.SMOK.MA,,,,,,,,,,,,,,,,,,,,,,,,,,,,,,,,,,,,,,,,,,,,,,,,35.3,,,33.9,,33.2,,32.3,,31.5,,30.9,,
United States,USA,"Prevalence of current tobacco use, females (% of female adults)",SH.PRV.SMOK.FE,,,,,,,,,,,,,,,,,,,,,,,,,,,,,,,,,,,,,,,,,,,,,,,,23,,,21.8,,21.2,,20.6,,19.9,,19.3,,
United States,USA,Lifetime risk of maternal death (%),SH.MMR.RISK.ZS,,,,,,,,,,,,,,,,,,,,,,,,,,,,,,,,,,,,,,,,,0.022903654,0.024500983,0.024909804,0.025660696,0.02579499,0.026440236,0.027052392,0.027187019,0.027659728,0.028610849,0.028222234,0.029008308,0.02910226,0.02945221,0.030158889,0.031995402,0.034195304,0.033557295,,,
United States,USA,Lifetime risk of maternal death (1 in: rate varies by country),SH.MMR.RISK,,,,,,,,,,,,,,,,,,,,,,,,,,,,,,,,,,,,,,,,,4400,4100,4000,3900,3900,3800,3700,3700,3600,3500,3500,3400,3400,3400,3300,3100,2900,3000,,,
United States,USA,"Prevalence of HIV, male (% ages 15-24)",SH.HIV.1524.MA.ZS,,,,,,,,,,,,,,,,,,,,,,,,,,,,,,,,,,,,,,,,,,,,,,,,,,,0.2,0.2,0.2,0.2,0.2,0.1,0.1,0.1,0.1,0.1,
United States,USA,"Prevalence of HIV, female (% ages 15-24)",SH.HIV.1524.FE.ZS,,,,,,,,,,,,,,,,,,,,,,,,,,,,,,,,,,,,,,,,,,,,,,,,,,,0.1,0.1,0.1,0.1,0.1,0.1,0.1,0.1,0.1,0.1,
United States,USA,Women's share of population ages 15+ living with HIV (%),SH.DYN.AIDS.FE.ZS,,,,,,,,,,,,,,,,,,,,,,,,,,,,,,,,,,,,,,,,,,,,,,,,,,,23.7,23.5,23.3,23.1,22.9,22.7,22.6,22.5,22.4,22.3,
United States,USA,"Condom use, population ages 15-24, male (% of males ages 15-24)",SH.CON.1524.MA.ZS,,,,,,,,,,,,,,,,,,,,,,,,,,,,,,,,,,,,,,,,,,,,,,,,,,,,,,,,,,,,,
United States,USA,"Condom use, population ages 15-24, female (% of females ages 15-24)",SH.CON.1524.FE.ZS,,,,,,,,,,,,,,,,,,,,,,,,,,,,,,,,,,,,,,,,,,,,,,,,,,,,,,,,,,,,,
United States,USA,Women who believe a husband is justified in beating his wife when she refuses sex with him (%),SG.VAW.REFU.ZS,,,,,,,,,,,,,,,,,,,,,,,,,,,,,,,,,,,,,,,,,,,,,,,,,,,,,,,,,,,,,
United States,USA,Women who believe a husband is justified in beating his wife (any of five reasons) (%),SG.VAW.REAS.ZS,,,,,,,,,,,,,,,,,,,,,,,,,,,,,,,,,,,,,,,,,,,,,,,,,,,,,,,,,,,,,
United States,USA,Women who believe a husband is justified in beating his wife when she neglects the children (%),SG.VAW.NEGL.ZS,,,,,,,,,,,,,,,,,,,,,,,,,,,,,,,,,,,,,,,,,,,,,,,,,,,,,,,,,,,,,
United States,USA,Women who believe a husband is justified in beating his wife when she goes out without telling him (%),SG.VAW.GOES.ZS,,,,,,,,,,,,,,,,,,,,,,,,,,,,,,,,,,,,,,,,,,,,,,,,,,,,,,,,,,,,,
United States,USA,Women who believe a husband is justified in beating his wife when she burns the food (%),SG.VAW.BURN.ZS,,,,,,,,,,,,,,,,,,,,,,,,,,,,,,,,,,,,,,,,,,,,,,,,,,,,,,,,,,,,,
United States,USA,Women who believe a husband is justified in beating his wife when she argues with him (%),SG.VAW.ARGU.ZS,,,,,,,,,,,,,,,,,,,,,,,,,,,,,,,,,,,,,,,,,,,,,,,,,,,,,,,,,,,,,
United States,USA,Proportion of women subjected to physical and/or sexual violence in the last 12 months (% of women age 15-49),SG.VAW.1549.ZS,,,,,,,,,,,,,,,,,,,,,,,,,,,,,,,,,,,,,,,,,,,,,,,,,,,,,,,,,,,,,
United States,USA,"Proportion of time spent on unpaid domestic and care work, male (% of 24 hour day)",SG.TIM.UWRK.MA,,,,,,,,,,,,,,,,,,,,,,,,,,,,,,,,,,,,,,,,,,,,9.875,9.79167,9.66667,9.58333,9.95833,9.41667,9.75,9.875,9.66667,9.33333,9.70833,9.70833,9.75,9.79167,9.875,9.54167,9.66667,
United States,USA,"Proportion of time spent on unpaid domestic and care work, female (% of 24 hour day)",SG.TIM.UWRK.FE,,,,,,,,,,,,,,,,,,,,,,,,,,,,,,,,,,,,,,,,,,,,16.54167,16.625,16.5,16.25,16.08333,15.625,15.91667,15.29167,15.20833,15.29167,15.58333,15.54167,15.875,15.91667,15.41667,15.375,15.33333,
United States,USA,Women Business and the Law Index Score (scale 1-100),SG.LAW.INDX,,,,,,,,,,,66.875,66.875,66.875,66.875,66.875,70,70,70,70,72.5,72.5,81.25,81.25,81.25,81.25,81.25,81.25,81.25,81.25,81.25,81.25,81.25,81.25,81.25,83.75,83.75,83.75,83.75,83.75,83.75,83.75,83.75,83.75,83.75,83.75,83.75,83.75,83.75,83.75,83.75,83.75,83.75,83.75,83.75,83.75,83.75,83.75,83.75,91.25,91.25,91.25
United States,USA,Proportion of seats held by women in national parliaments (%),SG.GEN.PARL.ZS,,,,,,,,,,,,,,,,,,,,,,,,,,,,,,,,,,,,,,11.72413793,11.72413793,13.33333333,,14.02298851,13.79310345,14.25287356,14.94252874,15.17241379,16.32183908,16.7816092,17.01149425,16.7816092,16.7816092,16.8202765,17.97235023,17.82407407,19.31034483,19.35483871,19.16859122,19.35483871,23.50230415,23.43387471,27.46478873
United States,USA,"Women making their own informed decisions regarding sexual relations, contraceptive use and reproductive health care  (% of women age 15-49)",SG.DMK.SRCR.FN.ZS,,,,,,,,,,,,,,,,,,,,,,,,,,,,,,,,,,,,,,,,,,,,,,,,,,,,,,,,,,,,,
United States,USA,"Women participating in the three decisions (own health care, major household purchases, and visiting family) (% of women age 15-49)",SG.DMK.ALLD.FN.ZS,,,,,,,,,,,,,,,,,,,,,,,,,,,,,,,,,,,,,,,,,,,,,,,,,,,,,,,,,,,,,
United States,USA,"School enrollment, tertiary, male (% gross)",SE.TER.ENRR.MA,,,,,,,,,,,,56.08581161,55.95970154,54.71559906,54.16596985,55.40679932,59.37549973,55.07966995,53.99670029,51.92684937,51.7251091,52.91191864,53.62591171,54.28665924,54.72011948,54.03302002,54.60720062,56.43698883,58.14078903,60.02743149,63.03366089,64.52963257,,69.75730133,69.47206116,69.16430664,68.5741806,,62.31021118,63.04191971,58.63069916,58.68050003,66.37648773,67.67156219,67.81562805,66.93171692,68.77082062,69.41766357,70.93421936,73.27884674,77.70585632,79.01522064,78.17828369,75.07691193,75.39736176,75.75901794,76.06227112,74.99719238,74.89505005,,
United States,USA,"School enrollment, tertiary, female (% gross)",SE.TER.ENRR.FE,,,,,,,,,,,,38.70375824,40.38587952,42.51815033,43.79808044,46.6497612,50.02408981,50.74240112,52.80266953,53.38319016,55.58403015,58.6955986,60.57873154,61.08142853,62.32690811,62.77381897,64.60201263,68.17134857,71.97213745,75.66673279,80.03865051,82.31931305,,89.48474121,89.08480072,89.60843658,89.47949982,,81.75553131,82.83309937,77.40939331,77.97988129,90.05129242,93.33525848,95.25051117,95.19016266,98.27297211,98.84381866,99.85549164,102.7055588,108.2528534,109.4980621,108.9375687,103.1126099,102.5993881,102.7473297,102.2938004,102.0113297,102.3540421,,
United States,USA,"Educational attainment, at least completed short-cycle tertiary, population 25+, total (%) (cumulative)",SE.TER.CUAT.ST.ZS,,,,,,,,,,,,,,,,,,,,,,,,,,,,,,,45.23981094,,,,,,,,,,,,,,36.1269989,36.22993851,37.36785126,,38.25891113,38.6207695,39.13742065,39.94493866,40.6632309,41.50466919,41.88970184,42.33750916,43.51187897,,45.16791153,,
United States,USA,"Educational attainment, at least completed short-cycle tertiary, population 25+, male (%) (cumulative)",SE.TER.CUAT.ST.MA.ZS,,,,,,,,,,,,,,,,,,,,,,,,,,,,,,,,,,,,,,,,,,,,,36.94467926,36.47357178,37.20069122,,38.06288147,38.048069,38.3180809,39.31583023,40.16514969,40.78956985,40.82641983,41.15227127,42.31298065,,43.79341125,,
United States,USA,"Educational attainment, at least completed short-cycle tertiary, population 25+, female (%) (cumulative)",SE.TER.CUAT.ST.FE.ZS,,,,,,,,,,,,,,,,,,,,,,,,,,,,,,,,,,,,,,,,,,,,,35.37453079,36.00503922,37.52262878,,38.44067001,39.15296936,39.89921951,40.53131866,41.12231064,42.16468048,42.87371826,43.43289948,44.62195969,,46.44464111,,
United States,USA,"Educational attainment, at least Master's or equivalent, population 25+, total (%) (cumulative)",SE.TER.CUAT.MS.ZS,,,,,,,,,,,,,,,,,,,,,,,,,,,,,,,,,,,,,,,,,,,,,,,,,,,,,,11.56643963,11.76535988,11.99485016,12.61400986,,13.05037975,,
United States,USA,"Educational attainment, at least Master's or equivalent, population 25+, male (%) (cumulative)",SE.TER.CUAT.MS.MA.ZS,,,,,,,,,,,,,,,,,,,,,,,,,,,,,,,,,,,,,,,,,,,,,,,,,,,,,,11.95448971,11.92564011,12.00119972,12.57785034,,12.84094048,,
United States,USA,"Educational attainment, at least Master's or equivalent, population 25+, female (%) (cumulative)",SE.TER.CUAT.MS.FE.ZS,,,,,,,,,,,,,,,,,,,,,,,,,,,,,,,,,,,,,,,,,,,,,,,,,,,,,,11.20827961,11.61701965,11.9889698,12.64748001,,13.24493027,,
United States,USA,"Educational attainment, Doctoral or equivalent, population 25+, total (%) (cumulative)",SE.TER.CUAT.DO.ZS,,,,,,,,,,,,,,,,,,,,,,,,,,,,,,,,,,,,,,,,,,,,,,,,,,,,,,1.677160025,1.76947999,1.701310039,1.85371995,,2.032649994,,
United States,USA,"Educational attainment, Doctoral or equivalent, population 25+, male (%) (cumulative)",SE.TER.CUAT.DO.MA.ZS,,,,,,,,,,,,,,,,,,,,,,,,,,,,,,,,,,,,,,,,,,,,,,,,,,,,,,2.207360029,2.315520048,2.066400051,2.255800009,,2.452909946,,
United States,USA,"Educational attainment, Doctoral or equivalent, population 25+, female (%) (cumulative)",SE.TER.CUAT.DO.FE.ZS,,,,,,,,,,,,,,,,,,,,,,,,,,,,,,,,,,,,,,,,,,,,,,,,,,,,,,1.18780005,1.264150023,1.36390996,1.481430054,,1.642289996,,
United States,USA,"Educational attainment, at least Bachelor's or equivalent, population 25+, total (%) (cumulative)",SE.TER.CUAT.BA.ZS,,,,,,,,,,,,,,,,,,,,,,,,,,,,,,,,,,,,,,,,,,,,,,,,,,,,,,31.66065979,31.9557991,32.50075912,33.43968964,,34.99246979,,
United States,USA,"Educational attainment, at least Bachelor's or equivalent, population 25+, male (%) (cumulative)",SE.TER.CUAT.BA.MA.ZS,,,,,,,,,,,,,,,,,,,,,,,,,,,,,,,,,,,,,,,,,,,,,,,,,,,,,,31.95309067,31.90644073,32.31335831,33.1648407,,34.64287186,,
United States,USA,"Educational attainment, at least Bachelor's or equivalent, population 25+, female (%) (cumulative)",SE.TER.CUAT.BA.FE.ZS,,,,,,,,,,,,,,,,,,,,,,,,,,,,,,,,,,,,,,,,,,,,,,,,,,,,,,31.39076042,32.00146866,32.67396164,33.69419098,,35.31721115,,
United States,USA,"Secondary education, teachers (% female)",SE.SEC.TCHR.FE.ZS,,,,,,,,,,,,,,,,,,,,,,,,,,,,,,,,,,55.60795975,55.60927963,55.61309814,55.61331177,,55.6013298,,,,,,,,,,,,,,,,62.02920914,62.00954056,,62.64659119,,,
United States,USA,"Progression to secondary school, male (%)",SE.SEC.PROG.MA.ZS,,,,,,,,,,,,,,,,,,,,,,,,,,,,,,,,,,,,,,,,,,,,,,,,,,,,,,,,,100,,,,
United States,USA,"Progression to secondary school, female (%)",SE.SEC.PROG.FE.ZS,,,,,,,,,,,,,,,,,,,,,,,,,,,,,,,,,,,,,,,,,,,,,,,,,,,,,,,,,98.43563,,,,
United States,USA,"School enrollment, secondary, male (% net)",SE.SEC.NENR.MA,,,,,,,,,,,,,,,,,,,,,,,,,,,,,,,,,,,,,,,,,,,,,,88.05048,,,,,87.62882,89.06161,88.32107,88.8673,88.70675,89.93936,92.18887,91.88962,,,
United States,USA,"School enrollment, secondary, female (% net)",SE.SEC.NENR.FE,,,,,,,,,,,,,,,,,,,,,,,,,,,,,,,,,,,,,,,,,,,,,,90.70646,,,,,89.18024,90.47964,90.32571,90.09343,91.08553,92.66306,92.17723,93.03496,,,
United States,USA,"School enrollment, secondary, male (% gross)",SE.SEC.ENRR.MA,,,,,,,,,,,,,108.2336121,,,,,,84.55380249,,,87.7070694,90.98085785,91.2828064,93.52909088,92.91828918,93.50566101,93.95939636,,,91.42984009,90.76860046,,96.56971741,98.21933746,95.99185181,96.53260803,,94.73310852,,93.33683777,94.37072754,94.71911621,94.93406677,94.17556,94.20211029,94.93683624,94.6685791,95.09059906,94.50435638,94.31301117,95.78270721,96.01178741,96.06963348,96.36253357,97.15371704,99.05283356,99.19851685,99.73565674,,
United States,USA,"School enrollment, secondary, female (% gross)",SE.SEC.ENRR.FE,,,,,,,,,,,,,60.78913879,,,,,,86.47467804,,,92.49022675,95.55592346,95.37996674,96.84925079,95.22149658,96.54701233,96.55682373,,,91.53662872,92.33627319,,96.41168213,97.48938751,97.39109802,96.55657959,,98.28262329,,94.80326843,95.97605896,94.02300262,95.1835022,96.10214233,95.9484787,94.51463318,95.51132965,94.87367249,95.9805069,95.4068985,96.21578979,96.50357819,96.30905914,97.51304626,98.17357635,98.47470856,98.69555664,98.79605865,,
United States,USA,"Secondary education, vocational pupils (% female)",SE.SEC.ENRL.VO.FE.ZS,,,,,,,,,,,,,,,,,,,,,,,,,,,,,,,,,,,,,,,,,,,,,,,,,,,,,,,,,,,,,
United States,USA,"Secondary education, general pupils (% female)",SE.SEC.ENRL.GC.FE.ZS,,,,,,,,,,,,,,,,,,,,,,,,,,,,,,,,,,,,,,,,,,,,,,,,,,,,,,,,,48.78903,48.81884,,,
United States,USA,"Secondary education, pupils (% female)",SE.SEC.ENRL.FE.ZS,,,,,,,,,,,,,,,,,,,,,,,,,,,,,,,,,,,,,,,,,,,,,,49.15244,,,,,49.00733,48.85835,48.9125,48.87004,49.14494,49.17237,48.78903,48.81884,,,
United States,USA,"Educational attainment, at least completed upper secondary, population 25+, total (%) (cumulative)",SE.SEC.CUAT.UP.ZS,,,,,,,,,,,65.69999695,,,,,,,,,,77.13272095,,,,,,,,,,,,,,,,,,,,,,,,85.15315247,85.19178009,85.72322845,,86.61412811,86.70908356,87.14940643,87.59088898,87.67910004,88.1503067,88.31358337,88.41197205,89.09236145,,89.80535889,,
United States,USA,"Educational attainment, at least completed upper secondary, population 25+, male (%) (cumulative)",SE.SEC.CUAT.UP.MA.ZS,,,,,,,,,,,64.46936798,,,,,,,,,,77.08029938,,,,,,,,,,,,,,,,,,,,,,,,84.84824371,84.92672729,85.01268005,,85.9538269,86.25327301,86.60009003,87.102211,87.29109192,87.63709259,87.72440338,88.03655243,88.54582977,,89.42442322,,
United States,USA,"Educational attainment, at least completed upper secondary, population 25+, female (%) (cumulative)",SE.SEC.CUAT.UP.FE.ZS,,,,,,,,,,,66.80000305,,,,,,,,,,77.17913818,,,,,,,,,,,,,,,,,,,,,,,,85.43373108,85.4364624,86.3811264,,87.22640228,87.13266754,87.66014862,88.04637146,88.03672791,88.62399292,88.85883331,88.75894165,89.59838867,,90.15920258,,
United States,USA,"Educational attainment, at least completed post-secondary, population 25+, total (%) (cumulative)",SE.SEC.CUAT.PO.ZS,,,,,,,,,,,21.29999924,,,,,26.29999924,,,,31.10000038,31.89130974,32.1531105,,,,,,,,,45.23981094,,,,46.5410614,,,,,,,,,,36.1269989,36.22993851,37.36785126,,38.25891113,38.6207695,39.13742065,39.94493866,40.6632309,41.50466919,41.88970184,42.33750916,43.51187897,,45.16791153,,
United States,USA,"Educational attainment, at least completed post-secondary, population 25+, male (%) (cumulative)",SE.SEC.CUAT.PO.MA.ZS,,,,,,,,,,,24.20875931,,,,,30.77076912,,,,35.82141876,36.17118073,36.80981827,,,,,,,,,,,,,48.72415924,,,,,,,,,,36.94467926,36.47357178,37.20069122,,38.06288147,38.048069,38.3180809,39.31583023,40.16514969,40.78956985,40.82641983,41.15227127,42.31298065,,43.79341125,,
United States,USA,"Educational attainment, at least completed post-secondary, population 25+, female (%) (cumulative)",SE.SEC.CUAT.PO.FE.ZS,,,,,,,,,,,18.70000076,,,,,22.20000076,,,,26.89999962,28.10063934,28.0280304,,,,,,,,,,,,,44.54951096,,,,,,,,,,35.37453079,36.00503922,37.52262878,,38.44067001,39.15296936,39.89921951,40.53131866,41.12231064,42.16468048,42.87371826,43.43289948,44.62195969,,46.44464111,,
United States,USA,"Educational attainment, at least completed lower secondary, population 25+, total (%) (cumulative)",SE.SEC.CUAT.LO.ZS,,,,,,,,,,,,,,,,,,,,,92.70198822,,,,,,,,,,89.62045288,,,,,,,,,,,,,,93.71424103,93.69587708,94.18916321,,94.48554993,94.53521729,94.76950073,94.90273285,94.98448944,95.20452881,95.26347351,95.33496857,95.58524323,,96.02937317,,
United States,USA,"Educational attainment, at least completed lower secondary, population 25+, male (%) (cumulative)",SE.SEC.CUAT.LO.MA.ZS,,,,,,,,,,,,,,,,,,,,,92.3500824,,,,,,,,,,,,,,,,,,,,,,,,93.51937866,93.49588013,93.89037323,,94.24378204,94.34481049,94.59259033,94.75115204,94.8125,95.0018692,95.0836792,95.17978668,95.45690155,,95.97921753,,
United States,USA,"Educational attainment, at least completed lower secondary, population 25+, female (%) (cumulative)",SE.SEC.CUAT.LO.FE.ZS,,,,,,,,,,,,,,,,,,,,,93.01367188,,,,,,,,,,,,,,,,,,,,,,,,93.89354706,93.88050842,94.46581268,,94.7097168,94.71217346,94.93398285,95.04402161,95.143013,95.3915863,95.42984772,95.4783783,95.70406342,,96.07595825,,
United States,USA,"Children out of school, primary, male",SE.PRM.UNER.MA,,,,,,,,,,,,,,,,,,,,,,,,,,,,,,,,,,,,,,,,,,,,,,104076,,,,,299707,518498,312185,284204,,214356,36772,,64864,,
United States,USA,"Children out of school, primary, female",SE.PRM.UNER.FE,,,,,,,,,,,,,,,,,,,,,,,,,,,,,,,,,,,,,,,,,,,,,,31482,,,,,275425,368960,360231,327310,,231900,52078,,76669,,
United States,USA,"Adjusted net enrollment rate, primary, male (% of primary school age children)",SE.PRM.TENR.MA,,,,,,,,,,,,,,,,,,,,,,,,,,,,,,,,,,,,,,,,,,,,,,99.1522,,,,,97.58749,95.8711,97.51406,97.73349,97.67179,94.21559,99.70812,95.60171,,,
United States,USA,"Adjusted net enrollment rate, primary, female (% of primary school age children)",SE.PRM.TENR.FE,,,,,,,,,,,,,,,,,,,,,,,,,,,,,,,,,,,,,,,,,,,,,,99.73112,,,,,97.68334,96.93143,97.00534,97.27516,98.29023,95.00148,99.56904,95.51193,,,
United States,USA,"Primary education, teachers (% female)",SE.PRM.TCHR.FE.ZS,,,,,,,,,,,,,,,,,,,,,,,,,,,,,,,,,,86.49237823,86.47915649,86.4824295,86.48239899,,86.47264099,,,,,,,,,,,,,,,,87.15969849,87.14785767,,87.07237244,,,
United States,USA,"Trained teachers in primary education, male (% of male teachers)",SE.PRM.TCAQ.MA.ZS,,,,,,,,,,,,,,,,,,,,,,,,,,,,,,,,,,,,,,,,,,,,,,,,,,,,,,,,,,,,,
United States,USA,"Trained teachers in primary education, female (% of female teachers)",SE.PRM.TCAQ.FE.ZS,,,,,,,,,,,,,,,,,,,,,,,,,,,,,,,,,,,,,,,,,,,,,,,,,,,,,,,,,,,,,
United States,USA,"Repeaters, primary, male (% of male enrollment)",SE.PRM.REPT.MA.ZS,,,,,,,,,,,,,,,,,,,,,,,,,,,,,,,,,,,,,,,,,,,,,,,,,,,,,,,,,,1.65861,,,
United States,USA,"Repeaters, primary, female (% of female enrollment)",SE.PRM.REPT.FE.ZS,,,,,,,,,,,,,,,,,,,,,,,,,,,,,,,,,,,,,,,,,,,,,,,,,,,,,,,,,,1.55674,,,
United States,USA,"Persistence to last grade of primary, male (% of cohort)",SE.PRM.PRSL.MA.ZS,,,,,,,,,,,,,,,,,,,,,,,,,,,,,,,,,,,,,,,,,,,,,,,,,,,,,,,,,,,,,
United States,USA,"Persistence to last grade of primary, female (% of cohort)",SE.PRM.PRSL.FE.ZS,,,,,,,,,,,,,,,,,,,,,,,,,,,,,,,,,,,,,,,,,,,,,,,,,,,,,,,,,,,,,
United States,USA,"Persistence to grade 5, male (% of cohort)",SE.PRM.PRS5.MA.ZS,,,,,,,,,,,,,,,,,,,,,,,,,,,,,,,,,,,,,,,,,,,,,,,,,,,,,,,,,,,,,
United States,USA,"Persistence to grade 5, female (% of cohort)",SE.PRM.PRS5.FE.ZS,,,,,,,,,,,,,,,,,,,,,,,,,,,,,,,,,,,,,,,,,,,,,,,,,,,,,,,,,,,,,
United States,USA,"Net intake rate in grade 1, male (% of official school-age population)",SE.PRM.NINT.MA.ZS,,,,,,,,,,,,,,,,,,,,,,,,,,,,,,,,,,,,,,,,,,,,,,74.35566,,,,,75.73483,,,69.58227,71.74905,70.01388,,,,,
United States,USA,"Net intake rate in grade 1, female (% of official school-age population)",SE.PRM.NINT.FE.ZS,,,,,,,,,,,,,,,,,,,,,,,,,,,,,,,,,,,,,,,,,,,,,,76.53075,,,,,75.61275,,,72.81169,74.45857,75.42676,,,,,
United States,USA,"School enrollment, primary, male (% net)",SE.PRM.NENR.MA,,,,,,,,,,,,,,,,,,,,,,,,,,,,,,,,,,,,,,,,,,,,,,94.16765,,,,,93.23588,91.84373,92.94052,92.87408,92.897,93.49589,95.28074,94.6724,,,
United States,USA,"School enrollment, primary, female (% net)",SE.PRM.NENR.FE,,,,,,,,,,,,,,,,,,,,,,,,,,,,,,,,,,,,,,,,,,,,,,95.41847,,,,,93.51886,93.06796,92.63905,92.74006,93.57871,94.31605,94.85693,94.57828,,,
United States,USA,"Gross intake ratio in first grade of primary education, male (% of relevant age group)",SE.PRM.GINT.MA.ZS,,,,,,,,,,,,,,,,,,,,,,,,,,,,,,,,,,,,,,,,,,,,,,109.49924,,,,,104.46578,100.52597,104.9813,102.58933,102.2777,101.793,,,,,
United States,USA,"Gross intake ratio in first grade of primary education, female (% of relevant age group)",SE.PRM.GINT.FE.ZS,,,,,,,,,,,,,,,,,,,,,,,,,,,,,,,,,,,,,,,,,,,,,,106.78762,,,,,101.43102,103.04991,97.39879,99.4304,101.98587,103.87874,,,,,
United States,USA,"School enrollment, primary, male (% gross)",SE.PRM.ENRR.MA,,,,,,,,,,,,,,,,,,,,,,97.59748077,99.85344696,99.26838684,97.47129059,97.47335052,99.27895355,101.390419,,,106.3276978,106.2572021,,104.9017334,103.6059494,104.6359329,104.1881104,,101.297287,100.5780792,101.4954376,101.4083405,99.43386078,101.0003281,101.4952393,102.411377,101.8250732,103.2446976,103.1509018,102.0257721,100.8266678,99.19390106,99.9083786,99.85974884,99.83744049,100.3120422,101.4457779,102.2044601,101.3142395,,
United States,USA,"School enrollment, primary, female (% gross)",SE.PRM.ENRR.FE,,,,,,,,,,,,,,,,,,,,,,99.74214172,101.1528015,98.78533173,98.34320831,99.04173279,100.5642471,100.9434433,,,105.7243195,104.3563766,,102.8505707,102.6023483,103.5521317,102.9014969,,103.8884888,103.3504105,99.92623901,101.2398071,100.3472214,101.2331772,100.992157,101.3106003,102.5948715,102.9345779,103.3226929,102.4064178,99.8181076,99.59455872,98.3895874,99.0333786,99.50208282,100.287262,101.276413,101.4219971,101.196373,,
United States,USA,"Primary education, pupils (% female)",SE.PRM.ENRL.FE.ZS,,,,,,,,,,,,,,,,,,,,,,,,,,,,,,,,,,,,,,,,,,,,,,48.54702,,,,,48.65033,49.0147,48.54171,48.71871,48.83788,48.93702,48.91652,48.75848,,,
United States,USA,"Educational attainment, at least completed primary, population 25+ years, total (%) (cumulative)",SE.PRM.CUAT.ZS,,,,,,,,,,,94.5,,,,,,,,,,96.43016052,,,,,,,,,,,,,,,,,,,,,,,,98.47055054,98.42295837,98.54376984,,98.67672729,98.59417725,98.68843079,98.71730042,98.79048157,98.86701965,98.79341125,98.77388,98.87711334,,99.03153229,,
United States,USA,"Educational attainment, at least completed primary, population 25+ years, male (%) (cumulative)",SE.PRM.CUAT.MA.ZS,,,,,,,,,,,93.94062042,,,,,,,,,,96.1880188,,,,,,,,,,,,,,,,,,,,,,,,98.33006287,98.34394073,98.43890381,,98.61711884,98.56479645,98.6701889,98.73181915,98.7496109,98.8650589,98.82260895,98.78043365,98.85513306,,99.08132935,,
United States,USA,"Educational attainment, at least completed primary, population 25+ years, female (%) (cumulative)",SE.PRM.CUAT.FE.ZS,,,,,,,,,,,95,,,,,,,,,,96.64463043,,,,,,,,,,,,,,,,,,,,,,,,98.59983063,98.49590302,98.64087677,,98.73200989,98.62149048,98.70539093,98.7037735,98.82814026,98.86884308,98.76638031,98.7678299,98.89746857,,98.98526001,,
United States,USA,"Primary completion rate, male (% of relevant age group)",SE.PRM.CMPT.MA.ZS,,,,,,,,,,,,,,,,,,,,,,,,,,,,,,,,,,,,,,,,,,,,,,,,,,,,,,,,,,100.4294662,104.5101929,,
United States,USA,"Primary completion rate, female (% of relevant age group)",SE.PRM.CMPT.FE.ZS,,,,,,,,,,,,,,,,,,,,,,,,,,,,,,,,,,,,,,,,,,,,,,,,,,,,,,,,,,97.16603088,95.47634125,,
United States,USA,"School enrollment, preprimary, male (% gross)",SE.PRE.ENRR.MA,,,,,,,,,,,,,,,,,,,,,,53.6375885,53.99037933,54.01789093,,,60.2517395,63.03438187,64.37212372,60.9702301,61.93286896,66.00380707,,,,71.10864258,71.61125946,,,,,,,,,71.65000916,,,,,69.39203644,69.94812012,71.92095947,71.59928131,72.35993195,72.68505859,72.08895874,72.72670746,71.61488342,,
United States,USA,"School enrollment, preprimary, female (% gross)",SE.PRE.ENRR.FE,,,,,,,,,,,,,,,,,,,,,,51.18392944,51.35665131,55.23044968,,,62.19562149,61.00146866,58.89043045,59.97718048,59.9421196,64.05473328,,,,67.99556732,70.5953064,,,,,,,,,69.33303833,,,,,70.8482666,70.36013031,69.9021225,71.44538879,72.72907257,71.34066772,71.77896118,73.15097046,72.70149231,,
United States,USA,"School enrollment, tertiary (gross), gender parity index (GPI)",SE.ENR.TERT.FM.ZS,,,,,,,,,,,,0.690079987,0.721700013,0.777079999,0.808589995,0.841949999,0.842499971,0.921249986,0.977890015,1.027279973,1.06941998,1.098539948,1.114770055,1.111240029,1.122050047,1.139240026,1.154710054,1.172129989,1.192180037,1.206689954,1.212460041,1.216109991,,1.220460057,1.220160007,1.22815001,1.233629942,,1.237849951,1.238929987,1.242589951,1.247490048,1.262899995,1.274960041,1.288030028,1.29685998,1.300209999,1.297700047,1.289630055,1.286520004,1.282179952,1.27839005,1.282359958,1.271890044,1.265130043,1.26267004,1.25643003,1.26481998,1.268270016,,
United States,USA,"School enrollment, secondary (gross), gender parity index (GPI)",SE.ENR.SECO.FM.ZS,,,,,,,,,,,,,0.561649978,,,,,,1.022719979,,,1.054540038,1.050289989,1.044880033,1.03550005,1.024790049,1.03252995,1.027639985,,,1.001170039,1.017269969,,0.998359978,0.992569983,1.014580011,1.000249982,,1.037469983,,1.015709996,1.017009974,0.992649972,1.002629995,1.02046001,1.018540025,0.995549977,1.008900046,0.997720003,1.015619993,1.011600018,1.004520059,1.005120039,1.002490044,1.011940002,1.010499954,0.994159997,0.994930029,0.990580022,,
United States,USA,"School enrollment, primary and secondary (gross), gender parity index (GPI)",SE.ENR.PRSC.FM.ZS,,,,,,,,,,,,,,,,,,,,,,1.038869977,1.032320023,1.020689964,1.022760034,1.020699978,1.02294004,1.011559963,,,0.997739971,0.998380005,,0.988919973,0.991439998,1.001360059,0.993629992,,1.031209946,,0.999350011,1.007310033,1.001250029,1.002550006,1.007660031,1.00387001,1.001629949,1.003090024,0.999849975,1.009789944,1.000800014,1.004340053,0.994899988,0.997099996,1.004230022,1.005079985,0.996259987,0.993629992,0.994700015,,
United States,USA,"School enrollment, primary (gross), gender parity index (GPI)",SE.ENR.PRIM.FM.ZS,,,,,,,,,,,,,,,,,,,,,,1.021970034,1.013010025,0.995130002,1.008949995,1.016090035,1.012949944,0.995589972,,,0.994329989,0.982110023,,0.980449975,0.990310013,0.989639997,0.987649977,,1.025580049,1.027559996,0.984539986,0.998340011,1.009189963,1.002310038,0.995039999,0.989250004,1.007560015,0.996999979,1.001670003,1.003730059,0.99000001,1.004040003,0.984799981,0.991720021,0.996640027,0.999750018,0.998329997,0.992340028,0.998839974,,
United States,USA,"Literacy rate, adult male (% of males ages 15 and above)",SE.ADT.LITR.MA.ZS,,,,,,,,,,,,,,,,,,,,,,,,,,,,,,,,,,,,,,,,,,,,,,,,,,,,,,,,,,,,,
United States,USA,"Literacy rate, adult female (% of females ages 15 and above)",SE.ADT.LITR.FE.ZS,,,,,,,,,,,,,,,,,,,,,,,,,,,,,,,,,,,,,,,,,,,,,,,,,,,,,,,,,,,,,
United States,USA,"Literacy rate, youth male (% of males ages 15-24)",SE.ADT.1524.LT.MA.ZS,,,,,,,,,,,,,,,,,,,,,,,,,,,,,,,,,,,,,,,,,,,,,,,,,,,,,,,,,,,,,
United States,USA,"Literacy rate, youth (ages 15-24), gender parity index (GPI)",SE.ADT.1524.LT.FM.ZS,,,,,,,,,,,,,,,,,,,,,,,,,,,,,,,,,,,,,,,,,,,,,,,,,,,,,,,,,,,,,
United States,USA,"Literacy rate, youth female (% of females ages 15-24)",SE.ADT.1524.LT.FE.ZS,,,,,,,,,,,,,,,,,,,,,,,,,,,,,,,,,,,,,,,,,,,,,,,,,,,,,,,,,,,,,
United States,USA,Firms with female participation in ownership (% of firms),IC.FRM.FEMO.ZS,,,,,,,,,,,,,,,,,,,,,,,,,,,,,,,,,,,,,,,,,,,,,,,,,,,,,,,,,,,,,
United States,USA,Firms with female top manager (% of firms),IC.FRM.FEMM.ZS,,,,,,,,,,,,,,,,,,,,,,,,,,,,,,,,,,,,,,,,,,,,,,,,,,,,,,,,,,,,,
